{
  "gizmos-infos": {
    "is2D": false,
    "is3DIcon": false,
    "iconSize": 2,
    "gridVisible": true,
    "gridColor": [
      150,
      150,
      150,
      255
    ],
    "isIconGizmo3D": false,
    "iconGizmoSize": 2,
    "isGridVisible": true
  },
  "camera-infos": {
    "f46876e4-e81b-4931-b493-6d367be385e7": {
      "position": {
        "x": 50,
        "y": 50,
        "z": 50
      },
      "rotation": {
        "x": -0.27984814233312133,
        "y": 0.3647051996310009,
        "z": 0.11591689595929514,
        "w": 0.8804762392171493
      },
      "viewCenter": {
        "x": 0,
        "y": 0,
        "z": 0
      }
    },
    "54795c54-1bc1-4d39-9dc1-df7ad321ed4a": {
      "position": {
        "x": 0.054198875893532235,
        "y": 0.5546325309284974,
        "z": -22.063507259537825
      },
      "rotation": {
        "x": 0,
        "y": 1,
        "z": 0,
        "w": -6.123233995736766e-17
      },
      "viewCenter": {
        "x": 0.054198875893535,
        "y": 0.5546325309284963,
        "z": 0.5499823056567434
      }
    }
  },
  "camera-uuids": [
    "54795c54-1bc1-4d39-9dc1-df7ad321ed4a"
  ],
  "float-window": {
    "position": {
      "cc": {
        "Camera": {
          "dock": false,
          "top": null,
          "bottom": 10,
          "left": null,
          "right": 10
        }
      }
    }
  }
}
