{
  "gizmos-infos": {
    "is2D": false,
    "is3DIcon": false,
    "iconSize": 2,
    "gridVisible": true,
    "gridColor": [
      150,
      150,
      150,
      255
    ],
    "isIconGizmo3D": false,
    "iconGizmoSize": 2,
    "isGridVisible": true
  },
  "camera-infos": {
    "f46876e4-e81b-4931-b493-6d367be385e7": {
      "position": {
        "x": 50,
        "y": 50,
        "z": 50
      },
      "rotation": {
        "x": -0.27984814233312133,
        "y": 0.3647051996310009,
        "z": 0.11591689595929514,
        "w": 0.8804762392171493
      },
      "viewCenter": {
        "x": 0,
        "y": 0,
        "z": 0
      }
    },
    "972302dc-98dd-4757-b263-1f31198e21f8": {
      "position": {
        "x": 1.5436008848147906,
        "y": 1.5436008848147977,
        "z": 1.5436008848148115
      },
      "rotation": {
        "x": -0.27896733650691674,
        "y": 0.364820726287624,
        "z": 0.11555196635134135,
        "w": 0.8807558151414872
      },
      "viewCenter": {
        "x": -0.0021796072051507576,
        "y": 0.004370143380657776,
        "z": -0.0021812699268561886
      }
    }
  },
  "camera-uuids": [
    "972302dc-98dd-4757-b263-1f31198e21f8"
  ],
  "float-window": {
    "position": {
      "cc": {
        "ParticleSystem": {
          "dock": false,
          "top": null,
          "bottom": 10,
          "left": null,
          "right": 10
        },
        "Camera": {
          "dock": false,
          "top": null,
          "bottom": 10,
          "left": null,
          "right": 10
        }
      }
    }
  }
}
