{
  "gizmos-infos": {
    "is2D": false,
    "is3DIcon": false,
    "iconSize": 2,
    "gridVisible": true,
    "gridColor": [
      150,
      150,
      150,
      255
    ],
    "isIconGizmo3D": false,
    "iconGizmoSize": 2,
    "isGridVisible": true
  },
  "camera": {
    "fov": 45,
    "far": 10000,
    "near": 0.01,
    "color": [
      48,
      48,
      48,
      255
    ],
    "wheelSpeed": 0.01,
    "wanderSpeed": 10,
    "enableAcceleration": true,
    "far2D": 10000,
    "near2D": 1,
    "wheelSpeed2D": 6
  },
  "camera-infos": {
    "f46876e4-e81b-4931-b493-6d367be385e7": {
      "position": {
        "x": 50,
        "y": 50,
        "z": 50
      },
      "rotation": {
        "x": -0.27984814233312133,
        "y": 0.3647051996310009,
        "z": 0.11591689595929514,
        "w": 0.8804762392171493
      },
      "viewCenter": {
        "x": 0,
        "y": 0,
        "z": 0
      }
    },
    "8f8e1be2-54dc-4142-86c3-af02805f57be": {
      "position": {
        "x": 2.301904823205296,
        "y": 1.6416367430201642,
        "z": 2.7054120973025757
      },
      "rotation": {
        "x": -0.21972105354920002,
        "y": -0.028646856897982884,
        "z": -0.0064549113512305705,
        "w": 0.9751206850111137
      },
      "viewCenter": {
        "x": 2.461,
        "y": 0.355,
        "z": 0
      }
    }
  },
  "camera-uuids": [
    "8f8e1be2-54dc-4142-86c3-af02805f57be"
  ]
}
